"player_id","match_id","match_start_time","kills","deaths","assists","win","total_damage_dealt_to_champions","total_damage_taken","gold_earned","champ_level","champion_name","vision_score","nexus_kills","turret_kills","inhibitor_kills","mythic_item","position"
"zwlLeN31xQwaocZE1bEC_i4Y91Rr6-VDrwrkPCi2G-SX889BGKzpT3IdtxhhdxncCX9cMjTgnoekAA","EUN1_3507150008",1702239921456,12,3,4,TRUE,30694,19846,16398,17,"Camille",17,1,5,1,3078,"TOP"
"zwlLeN31xQwaocZE1bEC_i4Y91Rr6-VDrwrkPCi2G-SX889BGKzpT3IdtxhhdxncCX9cMjTgnoekAA","EUN1_3503229508",1701720594126,2,9,2,FALSE,7755,26242,9101,13,"Irelia",11,0,0,0,NA,"TOP"
"zwlLeN31xQwaocZE1bEC_i4Y91Rr6-VDrwrkPCi2G-SX889BGKzpT3IdtxhhdxncCX9cMjTgnoekAA","EUN1_3503115366",1701711683845,5,4,4,FALSE,15402,20732,9761,13,"Camille",12,0,1,0,3078,"MIDDLE"
"zwlLeN31xQwaocZE1bEC_i4Y91Rr6-VDrwrkPCi2G-SX889BGKzpT3IdtxhhdxncCX9cMjTgnoekAA","EUN1_3502820747",1701642160204,4,4,5,TRUE,15822,18677,8872,14,"Camille",15,0,0,1,3078,"TOP"
"zwlLeN31xQwaocZE1bEC_i4Y91Rr6-VDrwrkPCi2G-SX889BGKzpT3IdtxhhdxncCX9cMjTgnoekAA","EUN1_3501341102",1701448751569,8,3,6,TRUE,23767,24472,11522,15,"Camille",17,0,3,1,3078,"TOP"
"zwlLeN31xQwaocZE1bEC_i4Y91Rr6-VDrwrkPCi2G-SX889BGKzpT3IdtxhhdxncCX9cMjTgnoekAA","EUN1_3501315075",1701446276014,6,9,3,FALSE,24501,37355,13011,16,"Irelia",18,0,1,0,6665,"TOP"
"zwlLeN31xQwaocZE1bEC_i4Y91Rr6-VDrwrkPCi2G-SX889BGKzpT3IdtxhhdxncCX9cMjTgnoekAA","EUN1_3500823554",1701362517108,14,4,6,TRUE,35806,37390,20246,18,"Camille",24,1,4,1,3078,"TOP"
"zwlLeN31xQwaocZE1bEC_i4Y91Rr6-VDrwrkPCi2G-SX889BGKzpT3IdtxhhdxncCX9cMjTgnoekAA","EUN1_3500796870",1701360117154,13,10,2,FALSE,27494,41778,16224,17,"Camille",19,0,4,0,NA,"TOP"
"zwlLeN31xQwaocZE1bEC_i4Y91Rr6-VDrwrkPCi2G-SX889BGKzpT3IdtxhhdxncCX9cMjTgnoekAA","EUN1_3500577526",1701300094408,3,11,3,FALSE,11983,28940,9213,13,"Irelia",17,0,0,0,NA,"TOP"
"zwlLeN31xQwaocZE1bEC_i4Y91Rr6-VDrwrkPCi2G-SX889BGKzpT3IdtxhhdxncCX9cMjTgnoekAA","EUN1_3500557071",1701297586258,6,6,5,FALSE,19289,34401,12498,16,"Camille",16,0,2,0,3078,"TOP"
"zwlLeN31xQwaocZE1bEC_i4Y91Rr6-VDrwrkPCi2G-SX889BGKzpT3IdtxhhdxncCX9cMjTgnoekAA","EUN1_3500339651",1701279355674,8,9,8,FALSE,23637,30167,12836,15,"Camille",29,0,2,0,3078,"TOP"
"zwlLeN31xQwaocZE1bEC_i4Y91Rr6-VDrwrkPCi2G-SX889BGKzpT3IdtxhhdxncCX9cMjTgnoekAA","EUN1_3500225150",1701265382494,4,6,2,FALSE,18686,32740,13138,17,"Naafiri",16,0,1,0,6692,"MIDDLE"
"zwlLeN31xQwaocZE1bEC_i4Y91Rr6-VDrwrkPCi2G-SX889BGKzpT3IdtxhhdxncCX9cMjTgnoekAA","EUN1_3497906384",1700922126143,7,6,3,FALSE,24806,29003,13265,15,"Camille",16,0,3,0,3078,"TOP"
"zwlLeN31xQwaocZE1bEC_i4Y91Rr6-VDrwrkPCi2G-SX889BGKzpT3IdtxhhdxncCX9cMjTgnoekAA","EUN1_3497885224",1700919705211,9,1,5,TRUE,20809,25907,15187,18,"Camille",26,1,2,0,3078,"TOP"
"zwlLeN31xQwaocZE1bEC_i4Y91Rr6-VDrwrkPCi2G-SX889BGKzpT3IdtxhhdxncCX9cMjTgnoekAA","EUN1_3497324133",1700841334203,2,3,5,TRUE,15915,22270,12408,16,"Irelia",17,1,3,1,NA,"TOP"
"zwlLeN31xQwaocZE1bEC_i4Y91Rr6-VDrwrkPCi2G-SX889BGKzpT3IdtxhhdxncCX9cMjTgnoekAA","EUN1_3497308267",1700839679760,6,2,0,TRUE,9610,9225,7961,11,"Irelia",12,0,1,0,NA,"TOP"
"zwlLeN31xQwaocZE1bEC_i4Y91Rr6-VDrwrkPCi2G-SX889BGKzpT3IdtxhhdxncCX9cMjTgnoekAA","EUN1_3497273794",1700836760297,3,6,6,FALSE,24871,32904,9821,14,"Irelia",10,0,0,0,NA,"TOP"
"zwlLeN31xQwaocZE1bEC_i4Y91Rr6-VDrwrkPCi2G-SX889BGKzpT3IdtxhhdxncCX9cMjTgnoekAA","EUN1_3497088175",1700782889827,6,4,3,TRUE,17301,30282,13612,18,"Camille",22,0,3,0,3078,"TOP"
"zwlLeN31xQwaocZE1bEC_i4Y91Rr6-VDrwrkPCi2G-SX889BGKzpT3IdtxhhdxncCX9cMjTgnoekAA","EUN1_3497063678",1700780592091,8,7,2,FALSE,29053,31697,15280,17,"Irelia",20,0,4,0,3078,"TOP"
"zwlLeN31xQwaocZE1bEC_i4Y91Rr6-VDrwrkPCi2G-SX889BGKzpT3IdtxhhdxncCX9cMjTgnoekAA","EUN1_3497030641",1700777033139,7,3,2,TRUE,11668,19433,13229,15,"Irelia",14,1,5,0,6631,"TOP"
"zwlLeN31xQwaocZE1bEC_i4Y91Rr6-VDrwrkPCi2G-SX889BGKzpT3IdtxhhdxncCX9cMjTgnoekAA","EUN1_3496833443",1700762625911,5,2,2,TRUE,10210,10542,7949,11,"Irelia",5,0,1,0,NA,"TOP"
"zwlLeN31xQwaocZE1bEC_i4Y91Rr6-VDrwrkPCi2G-SX889BGKzpT3IdtxhhdxncCX9cMjTgnoekAA","EUN1_3496805238",1700760126588,4,7,11,TRUE,31481,36131,16358,18,"Irelia",16,0,3,1,6665,"TOP"
"zwlLeN31xQwaocZE1bEC_i4Y91Rr6-VDrwrkPCi2G-SX889BGKzpT3IdtxhhdxncCX9cMjTgnoekAA","EUN1_3496774917",1700758216709,8,4,4,TRUE,22371,25349,14840,16,"Irelia",16,0,3,1,NA,"TOP"
"zwlLeN31xQwaocZE1bEC_i4Y91Rr6-VDrwrkPCi2G-SX889BGKzpT3IdtxhhdxncCX9cMjTgnoekAA","EUN1_3496753902",1700756153380,3,10,6,FALSE,13758,27593,9318,13,"Camille",14,0,2,0,3078,"TOP"
"zwlLeN31xQwaocZE1bEC_i4Y91Rr6-VDrwrkPCi2G-SX889BGKzpT3IdtxhhdxncCX9cMjTgnoekAA","EUN1_3496535223",1700698757139,5,7,4,TRUE,19271,31518,13478,16,"Camille",18,0,3,0,3078,"TOP"
"zwlLeN31xQwaocZE1bEC_i4Y91Rr6-VDrwrkPCi2G-SX889BGKzpT3IdtxhhdxncCX9cMjTgnoekAA","EUN1_3496518770",1700696689296,12,3,5,TRUE,34985,27925,17218,17,"Camille",15,0,5,1,3078,"TOP"
"zwlLeN31xQwaocZE1bEC_i4Y91Rr6-VDrwrkPCi2G-SX889BGKzpT3IdtxhhdxncCX9cMjTgnoekAA","EUN1_3496498028",1700694213172,6,5,5,FALSE,23340,30031,11969,16,"Camille",20,0,2,0,3078,"TOP"
"zwlLeN31xQwaocZE1bEC_i4Y91Rr6-VDrwrkPCi2G-SX889BGKzpT3IdtxhhdxncCX9cMjTgnoekAA","EUN1_3496487341",1700692159369,11,3,6,TRUE,29320,25108,15599,16,"Camille",21,0,7,0,3078,"TOP"
"zwlLeN31xQwaocZE1bEC_i4Y91Rr6-VDrwrkPCi2G-SX889BGKzpT3IdtxhhdxncCX9cMjTgnoekAA","EUN1_3496458609",1700689947452,6,8,7,FALSE,25857,29714,12370,16,"Camille",15,0,2,0,3078,"TOP"
"zwlLeN31xQwaocZE1bEC_i4Y91Rr6-VDrwrkPCi2G-SX889BGKzpT3IdtxhhdxncCX9cMjTgnoekAA","EUN1_3496414578",1700686757409,7,5,2,TRUE,16342,22040,13657,16,"Irelia",12,0,3,1,6665,"TOP"
"zwlLeN31xQwaocZE1bEC_i4Y91Rr6-VDrwrkPCi2G-SX889BGKzpT3IdtxhhdxncCX9cMjTgnoekAA","EUN1_3496226062",1700674803410,23,4,10,TRUE,56735,45663,23571,18,"Irelia",14,0,6,1,3078,"TOP"
"zwlLeN31xQwaocZE1bEC_i4Y91Rr6-VDrwrkPCi2G-SX889BGKzpT3IdtxhhdxncCX9cMjTgnoekAA","EUN1_3495896184",1700607253904,2,5,4,FALSE,29593,33275,12350,17,"Naafiri",25,0,1,0,6692,"TOP"
"zwlLeN31xQwaocZE1bEC_i4Y91Rr6-VDrwrkPCi2G-SX889BGKzpT3IdtxhhdxncCX9cMjTgnoekAA","EUN1_3495483934",1700575231212,1,2,3,TRUE,9713,11653,7250,13,"Ashe",16,0,1,0,NA,"TOP"
"zwlLeN31xQwaocZE1bEC_i4Y91Rr6-VDrwrkPCi2G-SX889BGKzpT3IdtxhhdxncCX9cMjTgnoekAA","EUN1_3495338828",1700526342348,7,8,9,TRUE,25030,22826,12866,16,"Ashe",20,0,2,0,3078,"TOP"
"zwlLeN31xQwaocZE1bEC_i4Y91Rr6-VDrwrkPCi2G-SX889BGKzpT3IdtxhhdxncCX9cMjTgnoekAA","EUN1_3495315494",1700521153082,6,10,8,FALSE,30058,33974,13622,17,"Ashe",19,0,3,0,3078,"TOP"
"zwlLeN31xQwaocZE1bEC_i4Y91Rr6-VDrwrkPCi2G-SX889BGKzpT3IdtxhhdxncCX9cMjTgnoekAA","EUN1_3494454154",1700410266578,7,10,11,TRUE,43103,41911,18729,18,"Irelia",30,0,3,0,3152,"TOP"
"zwlLeN31xQwaocZE1bEC_i4Y91Rr6-VDrwrkPCi2G-SX889BGKzpT3IdtxhhdxncCX9cMjTgnoekAA","EUN1_3493821973",1700327287212,6,3,4,TRUE,13590,12733,10468,12,"Irelia",10,0,3,0,NA,"TOP"
"zwlLeN31xQwaocZE1bEC_i4Y91Rr6-VDrwrkPCi2G-SX889BGKzpT3IdtxhhdxncCX9cMjTgnoekAA","EUN1_3491548675",1699970219602,4,9,4,FALSE,30354,51033,12056,16,"Camille",18,0,1,0,6632,"TOP"
"zwlLeN31xQwaocZE1bEC_i4Y91Rr6-VDrwrkPCi2G-SX889BGKzpT3IdtxhhdxncCX9cMjTgnoekAA","EUN1_3491531982",1699967684847,14,3,9,TRUE,40868,37697,14580,17,"Camille",26,0,3,0,3078,"TOP"
"zwlLeN31xQwaocZE1bEC_i4Y91Rr6-VDrwrkPCi2G-SX889BGKzpT3IdtxhhdxncCX9cMjTgnoekAA","EUN1_3491030366",1699883231081,2,8,5,FALSE,20873,26216,11497,16,"Naafiri",22,0,0,0,6692,"TOP"
"zwlLeN31xQwaocZE1bEC_i4Y91Rr6-VDrwrkPCi2G-SX889BGKzpT3IdtxhhdxncCX9cMjTgnoekAA","EUN1_3490551267",1699805393299,5,6,3,FALSE,19998,22451,10248,14,"Naafiri",27,0,0,0,6692,"MIDDLE"
"zwlLeN31xQwaocZE1bEC_i4Y91Rr6-VDrwrkPCi2G-SX889BGKzpT3IdtxhhdxncCX9cMjTgnoekAA","EUN1_3490504015",1699801986365,5,9,7,TRUE,24289,38555,12496,17,"Camille",18,1,1,1,6632,"TOP"
"zwlLeN31xQwaocZE1bEC_i4Y91Rr6-VDrwrkPCi2G-SX889BGKzpT3IdtxhhdxncCX9cMjTgnoekAA","EUN1_3490480953",1699799726199,8,7,3,FALSE,20173,28798,11202,15,"Camille",21,0,0,0,3078,"TOP"
"zwlLeN31xQwaocZE1bEC_i4Y91Rr6-VDrwrkPCi2G-SX889BGKzpT3IdtxhhdxncCX9cMjTgnoekAA","EUN1_3490183625",1699741778835,9,3,6,FALSE,52654,35264,17274,17,"Naafiri",21,0,2,0,6692,"TOP"
"zwlLeN31xQwaocZE1bEC_i4Y91Rr6-VDrwrkPCi2G-SX889BGKzpT3IdtxhhdxncCX9cMjTgnoekAA","EUN1_3490155694",1699739500549,12,4,7,TRUE,37013,21021,16513,17,"Naafiri",27,0,3,0,6692,"TOP"
"zwlLeN31xQwaocZE1bEC_i4Y91Rr6-VDrwrkPCi2G-SX889BGKzpT3IdtxhhdxncCX9cMjTgnoekAA","EUN1_3489607714",1699660446254,5,4,4,FALSE,17559,21401,11377,16,"Naafiri",16,0,0,0,6692,"TOP"
"zwlLeN31xQwaocZE1bEC_i4Y91Rr6-VDrwrkPCi2G-SX889BGKzpT3IdtxhhdxncCX9cMjTgnoekAA","EUN1_3489582876",1699657691101,11,5,11,TRUE,40081,34206,18422,18,"Naafiri",19,0,3,0,6692,"TOP"
"zwlLeN31xQwaocZE1bEC_i4Y91Rr6-VDrwrkPCi2G-SX889BGKzpT3IdtxhhdxncCX9cMjTgnoekAA","EUN1_3489521789",1699652261079,15,1,11,TRUE,45909,42114,18809,18,"Camille",35,0,1,1,3078,"TOP"
"zwlLeN31xQwaocZE1bEC_i4Y91Rr6-VDrwrkPCi2G-SX889BGKzpT3IdtxhhdxncCX9cMjTgnoekAA","EUN1_3487664132",1699362872440,7,10,9,FALSE,36417,43836,15274,17,"Irelia",41,0,3,1,6630,"TOP"
"zwlLeN31xQwaocZE1bEC_i4Y91Rr6-VDrwrkPCi2G-SX889BGKzpT3IdtxhhdxncCX9cMjTgnoekAA","EUN1_3486782154",1699209381429,17,8,6,FALSE,73125,49342,20908,18,"Naafiri",28,0,2,0,6692,"TOP"
"zwlLeN31xQwaocZE1bEC_i4Y91Rr6-VDrwrkPCi2G-SX889BGKzpT3IdtxhhdxncCX9cMjTgnoekAA","EUN1_3486646441",1699199548993,0,13,8,FALSE,5024,25834,6340,12,"Soraka",59,0,0,0,6617,"UTILITY"
"zwlLeN31xQwaocZE1bEC_i4Y91Rr6-VDrwrkPCi2G-SX889BGKzpT3IdtxhhdxncCX9cMjTgnoekAA","EUN1_3486555840",1699192028615,0,5,2,FALSE,19345,20320,8364,13,"Naafiri",12,0,1,0,6692,"TOP"
"zwlLeN31xQwaocZE1bEC_i4Y91Rr6-VDrwrkPCi2G-SX889BGKzpT3IdtxhhdxncCX9cMjTgnoekAA","EUN1_3486545081",1699190075478,6,2,4,TRUE,17256,21976,12756,16,"Camille",17,1,4,0,6632,"TOP"
"zwlLeN31xQwaocZE1bEC_i4Y91Rr6-VDrwrkPCi2G-SX889BGKzpT3IdtxhhdxncCX9cMjTgnoekAA","EUN1_3486513735",1699187865491,4,1,9,TRUE,23591,26992,12121,16,"Camille",23,0,3,0,6632,"TOP"
"zwlLeN31xQwaocZE1bEC_i4Y91Rr6-VDrwrkPCi2G-SX889BGKzpT3IdtxhhdxncCX9cMjTgnoekAA","EUN1_3486477467",1699183460370,12,5,4,TRUE,34798,31857,15106,18,"Camille",23,0,1,0,6632,"TOP"
"zwlLeN31xQwaocZE1bEC_i4Y91Rr6-VDrwrkPCi2G-SX889BGKzpT3IdtxhhdxncCX9cMjTgnoekAA","EUN1_3486022246",1699116144654,6,5,3,FALSE,24614,34984,12368,16,"Camille",19,0,0,0,6632,"TOP"
"zwlLeN31xQwaocZE1bEC_i4Y91Rr6-VDrwrkPCi2G-SX889BGKzpT3IdtxhhdxncCX9cMjTgnoekAA","EUN1_3485920466",1699106787833,12,3,2,TRUE,21308,27041,13539,16,"Irelia",23,0,1,0,6662,"TOP"
"zwlLeN31xQwaocZE1bEC_i4Y91Rr6-VDrwrkPCi2G-SX889BGKzpT3IdtxhhdxncCX9cMjTgnoekAA","EUN1_3485890279",1699103236307,9,10,10,FALSE,25198,37821,15603,18,"Camille",26,0,1,0,6632,"TOP"
"zwlLeN31xQwaocZE1bEC_i4Y91Rr6-VDrwrkPCi2G-SX889BGKzpT3IdtxhhdxncCX9cMjTgnoekAA","EUN1_3485406989",1699032510953,5,9,6,TRUE,24677,37263,12536,17,"Camille",26,0,3,0,3078,"TOP"
"zwlLeN31xQwaocZE1bEC_i4Y91Rr6-VDrwrkPCi2G-SX889BGKzpT3IdtxhhdxncCX9cMjTgnoekAA","EUN1_3485391307",1699030252210,3,8,1,FALSE,14254,27375,10494,15,"Irelia",14,0,1,0,6662,"TOP"
"zwlLeN31xQwaocZE1bEC_i4Y91Rr6-VDrwrkPCi2G-SX889BGKzpT3IdtxhhdxncCX9cMjTgnoekAA","EUN1_3485350447",1699026613921,8,3,7,TRUE,24178,23933,15909,18,"Irelia",26,0,3,0,6630,"TOP"
"zwlLeN31xQwaocZE1bEC_i4Y91Rr6-VDrwrkPCi2G-SX889BGKzpT3IdtxhhdxncCX9cMjTgnoekAA","EUN1_3485326378",1699023946975,6,8,6,FALSE,29908,41720,14058,17,"Irelia",21,0,2,0,6662,"TOP"
"zwlLeN31xQwaocZE1bEC_i4Y91Rr6-VDrwrkPCi2G-SX889BGKzpT3IdtxhhdxncCX9cMjTgnoekAA","EUN1_3484393754",1698874486679,9,6,0,TRUE,19988,23414,11086,15,"Camille",11,0,1,0,6632,"TOP"
"zwlLeN31xQwaocZE1bEC_i4Y91Rr6-VDrwrkPCi2G-SX889BGKzpT3IdtxhhdxncCX9cMjTgnoekAA","EUN1_3484098126",1698852976363,7,11,5,FALSE,19148,30322,10925,13,"Irelia",15,0,0,0,NA,"TOP"
"zwlLeN31xQwaocZE1bEC_i4Y91Rr6-VDrwrkPCi2G-SX889BGKzpT3IdtxhhdxncCX9cMjTgnoekAA","EUN1_3483991763",1698842213907,5,4,8,TRUE,30923,30734,12036,16,"Camille",27,0,2,1,6632,"TOP"
"zwlLeN31xQwaocZE1bEC_i4Y91Rr6-VDrwrkPCi2G-SX889BGKzpT3IdtxhhdxncCX9cMjTgnoekAA","EUN1_3483813400",1698793420919,4,7,4,FALSE,23529,33486,10157,15,"Camille",21,0,0,0,6632,"TOP"
"zwlLeN31xQwaocZE1bEC_i4Y91Rr6-VDrwrkPCi2G-SX889BGKzpT3IdtxhhdxncCX9cMjTgnoekAA","EUN1_3483545295",1698773869940,6,7,5,TRUE,19906,36353,11419,16,"Camille",17,0,1,0,6632,"TOP"
"zwlLeN31xQwaocZE1bEC_i4Y91Rr6-VDrwrkPCi2G-SX889BGKzpT3IdtxhhdxncCX9cMjTgnoekAA","EUN1_3483394777",1698759557099,4,4,2,FALSE,24226,30059,11087,15,"Camille",20,0,1,0,6632,"TOP"
"zwlLeN31xQwaocZE1bEC_i4Y91Rr6-VDrwrkPCi2G-SX889BGKzpT3IdtxhhdxncCX9cMjTgnoekAA","EUN1_3483378816",1698757690958,2,4,10,TRUE,19649,22372,10445,15,"Camille",27,0,2,0,3078,"TOP"
"zwlLeN31xQwaocZE1bEC_i4Y91Rr6-VDrwrkPCi2G-SX889BGKzpT3IdtxhhdxncCX9cMjTgnoekAA","EUN1_3482846100",1698679375507,9,6,4,TRUE,28562,30621,12490,16,"Camille",15,0,3,1,3078,"TOP"
"zwlLeN31xQwaocZE1bEC_i4Y91Rr6-VDrwrkPCi2G-SX889BGKzpT3IdtxhhdxncCX9cMjTgnoekAA","EUN1_3481479157",1698502541249,5,12,7,FALSE,17899,32129,11884,16,"Naafiri",20,0,0,0,6692,"TOP"
"zwlLeN31xQwaocZE1bEC_i4Y91Rr6-VDrwrkPCi2G-SX889BGKzpT3IdtxhhdxncCX9cMjTgnoekAA","EUN1_3477036987",1697904727208,8,4,3,TRUE,19672,21047,10398,14,"Camille",18,0,2,0,3078,"TOP"
"zwlLeN31xQwaocZE1bEC_i4Y91Rr6-VDrwrkPCi2G-SX889BGKzpT3IdtxhhdxncCX9cMjTgnoekAA","EUN1_3477018720",1697902555289,1,7,3,FALSE,12599,21355,8239,12,"Naafiri",18,0,0,0,6692,"TOP"
"zwlLeN31xQwaocZE1bEC_i4Y91Rr6-VDrwrkPCi2G-SX889BGKzpT3IdtxhhdxncCX9cMjTgnoekAA","EUN1_3477000446",1697900620988,7,6,5,TRUE,22354,25432,10207,14,"Camille",15,1,3,0,6632,"TOP"
"zwlLeN31xQwaocZE1bEC_i4Y91Rr6-VDrwrkPCi2G-SX889BGKzpT3IdtxhhdxncCX9cMjTgnoekAA","EUN1_3476361775",1697819508681,8,7,4,TRUE,21854,29943,14817,17,"Naafiri",20,0,1,0,6692,"TOP"
"zwlLeN31xQwaocZE1bEC_i4Y91Rr6-VDrwrkPCi2G-SX889BGKzpT3IdtxhhdxncCX9cMjTgnoekAA","EUN1_3476046454",1697757887187,6,9,2,FALSE,18675,23858,10363,13,"Naafiri",15,0,0,0,6692,"TOP"
"zwlLeN31xQwaocZE1bEC_i4Y91Rr6-VDrwrkPCi2G-SX889BGKzpT3IdtxhhdxncCX9cMjTgnoekAA","EUN1_3476030740",1697755861382,5,2,5,TRUE,18085,19449,11296,15,"Naafiri",12,0,2,0,6692,"TOP"
"zwlLeN31xQwaocZE1bEC_i4Y91Rr6-VDrwrkPCi2G-SX889BGKzpT3IdtxhhdxncCX9cMjTgnoekAA","EUN1_3475734443",1697732936253,6,7,9,FALSE,30616,31601,13384,15,"Naafiri",15,0,0,0,6692,"MIDDLE"
"zwlLeN31xQwaocZE1bEC_i4Y91Rr6-VDrwrkPCi2G-SX889BGKzpT3IdtxhhdxncCX9cMjTgnoekAA","EUN1_3475702587",1697730522926,4,10,5,FALSE,21423,37531,11533,15,"Naafiri",23,0,0,0,3142,"TOP"
"zwlLeN31xQwaocZE1bEC_i4Y91Rr6-VDrwrkPCi2G-SX889BGKzpT3IdtxhhdxncCX9cMjTgnoekAA","EUN1_3474988038",1697630306187,4,8,5,FALSE,21444,24831,9945,14,"Naafiri",13,0,1,0,6692,"TOP"
"zwlLeN31xQwaocZE1bEC_i4Y91Rr6-VDrwrkPCi2G-SX889BGKzpT3IdtxhhdxncCX9cMjTgnoekAA","EUN1_3474416400",1697547131896,8,4,6,TRUE,21311,19734,12595,15,"Naafiri",15,0,2,1,3142,"MIDDLE"
"zwlLeN31xQwaocZE1bEC_i4Y91Rr6-VDrwrkPCi2G-SX889BGKzpT3IdtxhhdxncCX9cMjTgnoekAA","EUN1_3474395895",1697544999655,6,7,6,FALSE,20749,25377,11200,14,"Naafiri",13,0,0,0,6692,"MIDDLE"
"zwlLeN31xQwaocZE1bEC_i4Y91Rr6-VDrwrkPCi2G-SX889BGKzpT3IdtxhhdxncCX9cMjTgnoekAA","EUN1_3474235180",1697493002360,3,7,7,FALSE,17893,24069,10234,13,"Naafiri",15,0,1,0,3142,"MIDDLE"
"zwlLeN31xQwaocZE1bEC_i4Y91Rr6-VDrwrkPCi2G-SX889BGKzpT3IdtxhhdxncCX9cMjTgnoekAA","EUN1_3473857965",1697464164465,6,3,6,TRUE,17404,19485,13630,15,"Naafiri",16,0,3,0,3142,"MIDDLE"
"zwlLeN31xQwaocZE1bEC_i4Y91Rr6-VDrwrkPCi2G-SX889BGKzpT3IdtxhhdxncCX9cMjTgnoekAA","EUN1_3473622467",1697404538395,6,6,7,TRUE,20067,21646,12607,15,"Naafiri",8,0,1,0,3142,"MIDDLE"
"zwlLeN31xQwaocZE1bEC_i4Y91Rr6-VDrwrkPCi2G-SX889BGKzpT3IdtxhhdxncCX9cMjTgnoekAA","EUN1_3473486077",1697394750772,0,0,0,TRUE,173,150,603,1,"Naafiri",0,0,0,0,NA,"JUNGLE"
"zwlLeN31xQwaocZE1bEC_i4Y91Rr6-VDrwrkPCi2G-SX889BGKzpT3IdtxhhdxncCX9cMjTgnoekAA","EUN1_3471947370",1697212677689,23,8,16,TRUE,65156,45242,23783,18,"Naafiri",32,0,1,0,3142,"MIDDLE"
"sGIXvsl6UBP_Xsn8GJuJONeVj6H5ScomqSMsNMC6dI-E6A3mRDu1aPZb83rzHw6-_ExYKI_8W2xDTA","EUN1_3518256374",1703777272510,7,10,6,FALSE,16153,33488,11269,15,"Shaco",20,0,0,0,6691,"JUNGLE"
"sGIXvsl6UBP_Xsn8GJuJONeVj6H5ScomqSMsNMC6dI-E6A3mRDu1aPZb83rzHw6-_ExYKI_8W2xDTA","EUN1_3518106275",1703758996224,7,11,8,FALSE,20470,48783,16885,18,"Shaco",35,0,0,0,3142,"JUNGLE"
"sGIXvsl6UBP_Xsn8GJuJONeVj6H5ScomqSMsNMC6dI-E6A3mRDu1aPZb83rzHw6-_ExYKI_8W2xDTA","EUN1_3518096677",1703758179685,1,0,1,TRUE,831,2311,1774,4,"Shaco",0,0,0,0,NA,"JUNGLE"
"sGIXvsl6UBP_Xsn8GJuJONeVj6H5ScomqSMsNMC6dI-E6A3mRDu1aPZb83rzHw6-_ExYKI_8W2xDTA","EUN1_3517909724",1703714695520,7,8,1,FALSE,9402,20757,9602,11,"Shaco",14,0,1,0,3142,"JUNGLE"
"sGIXvsl6UBP_Xsn8GJuJONeVj6H5ScomqSMsNMC6dI-E6A3mRDu1aPZb83rzHw6-_ExYKI_8W2xDTA","EUN1_3517891487",1703713152586,6,1,4,TRUE,4541,10218,5983,8,"Shaco",8,0,0,0,NA,"JUNGLE"
"sGIXvsl6UBP_Xsn8GJuJONeVj6H5ScomqSMsNMC6dI-E6A3mRDu1aPZb83rzHw6-_ExYKI_8W2xDTA","EUN1_3517856188",1703710634683,11,4,14,TRUE,17345,20571,13920,15,"Shaco",22,0,4,1,3142,"JUNGLE"
"sGIXvsl6UBP_Xsn8GJuJONeVj6H5ScomqSMsNMC6dI-E6A3mRDu1aPZb83rzHw6-_ExYKI_8W2xDTA","EUN1_3517810680",1703707979342,8,7,4,FALSE,32652,33105,14330,16,"Yorick",9,0,4,1,3078,"TOP"
"sGIXvsl6UBP_Xsn8GJuJONeVj6H5ScomqSMsNMC6dI-E6A3mRDu1aPZb83rzHw6-_ExYKI_8W2xDTA","EUN1_3517477842",1703676981613,2,13,10,FALSE,12737,37242,8825,13,"Talon",18,0,0,0,6691,"MIDDLE"
"sGIXvsl6UBP_Xsn8GJuJONeVj6H5ScomqSMsNMC6dI-E6A3mRDu1aPZb83rzHw6-_ExYKI_8W2xDTA","EUN1_3517359367",1703635918656,7,6,3,FALSE,15151,27972,9540,12,"Olaf",19,0,0,0,6631,"JUNGLE"
"sGIXvsl6UBP_Xsn8GJuJONeVj6H5ScomqSMsNMC6dI-E6A3mRDu1aPZb83rzHw6-_ExYKI_8W2xDTA","EUN1_3517345448",1703634416506,0,3,2,TRUE,8266,10754,5542,11,"TwistedFate",0,0,1,0,6655,"MIDDLE"
"sGIXvsl6UBP_Xsn8GJuJONeVj6H5ScomqSMsNMC6dI-E6A3mRDu1aPZb83rzHw6-_ExYKI_8W2xDTA","EUN1_3517006169",1703608749132,10,4,3,TRUE,22597,14160,10413,12,"Diana",14,0,2,0,3152,"MIDDLE"
"sGIXvsl6UBP_Xsn8GJuJONeVj6H5ScomqSMsNMC6dI-E6A3mRDu1aPZb83rzHw6-_ExYKI_8W2xDTA","EUN1_3514064703",1703189022200,5,7,10,TRUE,12713,27370,12871,16,"Diana",37,0,2,1,3152,"JUNGLE"
"sGIXvsl6UBP_Xsn8GJuJONeVj6H5ScomqSMsNMC6dI-E6A3mRDu1aPZb83rzHw6-_ExYKI_8W2xDTA","EUN1_3514043301",1703187256616,3,0,3,TRUE,4509,5709,5241,10,"Kassadin",5,0,0,0,6657,"MIDDLE"
"sGIXvsl6UBP_Xsn8GJuJONeVj6H5ScomqSMsNMC6dI-E6A3mRDu1aPZb83rzHw6-_ExYKI_8W2xDTA","EUN1_3506016760",1702131885775,14,15,25,TRUE,51630,50540,17097,18,"Diana",26,0,0,0,3152,"JUNGLE"
"sGIXvsl6UBP_Xsn8GJuJONeVj6H5ScomqSMsNMC6dI-E6A3mRDu1aPZb83rzHw6-_ExYKI_8W2xDTA","EUN1_3505725314",1702077110231,5,8,6,FALSE,25482,37624,13091,17,"Yorick",22,0,2,0,3078,"TOP"
"sGIXvsl6UBP_Xsn8GJuJONeVj6H5ScomqSMsNMC6dI-E6A3mRDu1aPZb83rzHw6-_ExYKI_8W2xDTA","EUN1_3504096902",1701883345208,7,4,9,FALSE,14408,13843,10925,14,"Orianna",12,0,0,0,6655,"MIDDLE"
"sGIXvsl6UBP_Xsn8GJuJONeVj6H5ScomqSMsNMC6dI-E6A3mRDu1aPZb83rzHw6-_ExYKI_8W2xDTA","EUN1_3501038188",1701380941921,0,5,2,FALSE,8499,11066,5416,11,"Orianna",10,0,0,0,6655,"MIDDLE"
"sGIXvsl6UBP_Xsn8GJuJONeVj6H5ScomqSMsNMC6dI-E6A3mRDu1aPZb83rzHw6-_ExYKI_8W2xDTA","EUN1_3498238203",1700948620392,9,7,13,FALSE,26439,23483,13387,16,"Orianna",15,0,0,0,6655,"MIDDLE"
"sGIXvsl6UBP_Xsn8GJuJONeVj6H5ScomqSMsNMC6dI-E6A3mRDu1aPZb83rzHw6-_ExYKI_8W2xDTA","EUN1_3495784820",1700599131118,2,5,4,FALSE,14707,17797,8052,14,"Orianna",10,0,0,0,6655,"MIDDLE"
"sGIXvsl6UBP_Xsn8GJuJONeVj6H5ScomqSMsNMC6dI-E6A3mRDu1aPZb83rzHw6-_ExYKI_8W2xDTA","EUN1_3495278218",1700517165442,3,3,16,TRUE,16128,17375,11627,17,"Orianna",19,1,2,1,6655,"MIDDLE"
"sGIXvsl6UBP_Xsn8GJuJONeVj6H5ScomqSMsNMC6dI-E6A3mRDu1aPZb83rzHw6-_ExYKI_8W2xDTA","EUN1_3494894695",1700479020178,6,7,19,TRUE,37220,29805,17787,18,"Orianna",31,0,1,1,6655,"MIDDLE"
"sGIXvsl6UBP_Xsn8GJuJONeVj6H5ScomqSMsNMC6dI-E6A3mRDu1aPZb83rzHw6-_ExYKI_8W2xDTA","EUN1_3494775247",1700434659698,2,1,2,TRUE,4952,4830,6243,11,"Orianna",5,0,1,0,6655,"MIDDLE"
"sGIXvsl6UBP_Xsn8GJuJONeVj6H5ScomqSMsNMC6dI-E6A3mRDu1aPZb83rzHw6-_ExYKI_8W2xDTA","EUN1_3493141241",1700234761345,3,0,7,TRUE,11637,9114,9953,14,"Orianna",13,0,2,0,6655,"MIDDLE"
"sGIXvsl6UBP_Xsn8GJuJONeVj6H5ScomqSMsNMC6dI-E6A3mRDu1aPZb83rzHw6-_ExYKI_8W2xDTA","EUN1_3493024014",1700218660586,8,7,16,TRUE,24409,21940,14346,17,"Orianna",26,0,2,0,6655,"MIDDLE"
"sGIXvsl6UBP_Xsn8GJuJONeVj6H5ScomqSMsNMC6dI-E6A3mRDu1aPZb83rzHw6-_ExYKI_8W2xDTA","EUN1_3492883536",1700173213973,12,3,24,TRUE,29932,17677,15173,18,"Orianna",21,1,2,1,6655,"MIDDLE"
"sGIXvsl6UBP_Xsn8GJuJONeVj6H5ScomqSMsNMC6dI-E6A3mRDu1aPZb83rzHw6-_ExYKI_8W2xDTA","EUN1_3492744350",1700161932121,5,4,8,TRUE,21330,12493,11258,15,"Orianna",20,0,1,0,6655,"MIDDLE"
"sGIXvsl6UBP_Xsn8GJuJONeVj6H5ScomqSMsNMC6dI-E6A3mRDu1aPZb83rzHw6-_ExYKI_8W2xDTA","EUN1_3492360134",1700084568049,10,5,11,TRUE,29787,19955,14208,18,"Diana",31,0,2,2,NA,"MIDDLE"
"sGIXvsl6UBP_Xsn8GJuJONeVj6H5ScomqSMsNMC6dI-E6A3mRDu1aPZb83rzHw6-_ExYKI_8W2xDTA","EUN1_3492169387",1700068901136,3,8,12,FALSE,18023,19297,8488,13,"Orianna",16,0,0,0,6655,"MIDDLE"
"sGIXvsl6UBP_Xsn8GJuJONeVj6H5ScomqSMsNMC6dI-E6A3mRDu1aPZb83rzHw6-_ExYKI_8W2xDTA","EUN1_3464692549",1696112164723,6,10,8,FALSE,19255,23570,13387,15,"Orianna",4,0,1,0,6655,"MIDDLE"
"sGIXvsl6UBP_Xsn8GJuJONeVj6H5ScomqSMsNMC6dI-E6A3mRDu1aPZb83rzHw6-_ExYKI_8W2xDTA","EUN1_3463968060",1696018689110,6,5,7,FALSE,17096,16576,10370,14,"Orianna",6,0,0,0,6655,"MIDDLE"
"sGIXvsl6UBP_Xsn8GJuJONeVj6H5ScomqSMsNMC6dI-E6A3mRDu1aPZb83rzHw6-_ExYKI_8W2xDTA","EUN1_3463081405",1695900966116,4,10,4,FALSE,18463,23280,10214,14,"Fizz",8,0,1,0,6655,"MIDDLE"
"sGIXvsl6UBP_Xsn8GJuJONeVj6H5ScomqSMsNMC6dI-E6A3mRDu1aPZb83rzHw6-_ExYKI_8W2xDTA","EUN1_3458250880",1695232432161,9,6,5,FALSE,16380,13679,8429,11,"Orianna",4,0,0,0,6655,"MIDDLE"
"sGIXvsl6UBP_Xsn8GJuJONeVj6H5ScomqSMsNMC6dI-E6A3mRDu1aPZb83rzHw6-_ExYKI_8W2xDTA","EUN1_3458229700",1695230528856,2,7,3,FALSE,8415,13445,7318,12,"Orianna",2,0,1,0,6655,"MIDDLE"
"sGIXvsl6UBP_Xsn8GJuJONeVj6H5ScomqSMsNMC6dI-E6A3mRDu1aPZb83rzHw6-_ExYKI_8W2xDTA","EUN1_3456578780",1694982440519,9,8,7,FALSE,33030,29816,13977,17,"Orianna",0,0,1,0,6655,"TOP"
"sGIXvsl6UBP_Xsn8GJuJONeVj6H5ScomqSMsNMC6dI-E6A3mRDu1aPZb83rzHw6-_ExYKI_8W2xDTA","EUN1_3455468534",1694867462375,9,7,16,TRUE,32617,24613,14808,18,"Orianna",7,1,2,0,6655,"MIDDLE"
"sGIXvsl6UBP_Xsn8GJuJONeVj6H5ScomqSMsNMC6dI-E6A3mRDu1aPZb83rzHw6-_ExYKI_8W2xDTA","EUN1_3455371477",1694858162436,10,5,16,FALSE,30526,22117,13560,16,"Orianna",9,0,2,0,6655,"MIDDLE"
"sGIXvsl6UBP_Xsn8GJuJONeVj6H5ScomqSMsNMC6dI-E6A3mRDu1aPZb83rzHw6-_ExYKI_8W2xDTA","EUN1_3455365545",1694857234832,0,0,0,FALSE,95,106,525,1,"Orianna",0,0,0,0,NA,"MIDDLE"
"sGIXvsl6UBP_Xsn8GJuJONeVj6H5ScomqSMsNMC6dI-E6A3mRDu1aPZb83rzHw6-_ExYKI_8W2xDTA","EUN1_3454969661",1694798424199,7,12,0,FALSE,17043,21928,10772,13,"Diana",11,0,2,0,NA,"MIDDLE"
"sGIXvsl6UBP_Xsn8GJuJONeVj6H5ScomqSMsNMC6dI-E6A3mRDu1aPZb83rzHw6-_ExYKI_8W2xDTA","EUN1_3454720050",1694773101949,4,4,10,TRUE,13153,9362,8729,13,"Orianna",1,0,3,0,6655,"MIDDLE"
"sGIXvsl6UBP_Xsn8GJuJONeVj6H5ScomqSMsNMC6dI-E6A3mRDu1aPZb83rzHw6-_ExYKI_8W2xDTA","EUN1_3454690411",1694766100011,13,8,22,TRUE,38700,24890,15994,18,"Orianna",5,0,0,0,6655,"MIDDLE"
"sGIXvsl6UBP_Xsn8GJuJONeVj6H5ScomqSMsNMC6dI-E6A3mRDu1aPZb83rzHw6-_ExYKI_8W2xDTA","EUN1_3454099146",1694688441351,15,6,6,FALSE,34751,19937,14611,15,"Diana",13,0,2,0,NA,"MIDDLE"
"sGIXvsl6UBP_Xsn8GJuJONeVj6H5ScomqSMsNMC6dI-E6A3mRDu1aPZb83rzHw6-_ExYKI_8W2xDTA","EUN1_3453763802",1694630889464,15,6,18,TRUE,45916,27010,16873,18,"Orianna",16,0,1,1,6655,"MIDDLE"
"sGIXvsl6UBP_Xsn8GJuJONeVj6H5ScomqSMsNMC6dI-E6A3mRDu1aPZb83rzHw6-_ExYKI_8W2xDTA","EUN1_3453455957",1694598679735,3,6,0,FALSE,5188,11827,5281,10,"Orianna",1,0,0,0,NA,"MIDDLE"
"sGIXvsl6UBP_Xsn8GJuJONeVj6H5ScomqSMsNMC6dI-E6A3mRDu1aPZb83rzHw6-_ExYKI_8W2xDTA","EUN1_3453428986",1694592889929,4,10,14,FALSE,16375,28330,10886,14,"Orianna",16,0,3,0,NA,"MIDDLE"
"sGIXvsl6UBP_Xsn8GJuJONeVj6H5ScomqSMsNMC6dI-E6A3mRDu1aPZb83rzHw6-_ExYKI_8W2xDTA","EUN1_3453282565",1694549419468,3,2,1,TRUE,9002,6940,6311,11,"Orianna",0,0,1,0,NA,"MIDDLE"
"sGIXvsl6UBP_Xsn8GJuJONeVj6H5ScomqSMsNMC6dI-E6A3mRDu1aPZb83rzHw6-_ExYKI_8W2xDTA","EUN1_3452899609",1694507956599,1,6,2,FALSE,9670,12224,6754,13,"Orianna",2,0,1,0,6655,"MIDDLE"
"sGIXvsl6UBP_Xsn8GJuJONeVj6H5ScomqSMsNMC6dI-E6A3mRDu1aPZb83rzHw6-_ExYKI_8W2xDTA","EUN1_3452740777",1694463295234,7,6,5,FALSE,25374,22110,10511,15,"Orianna",3,0,0,0,6655,"MIDDLE"
"sGIXvsl6UBP_Xsn8GJuJONeVj6H5ScomqSMsNMC6dI-E6A3mRDu1aPZb83rzHw6-_ExYKI_8W2xDTA","EUN1_3452575970",1694451277880,10,3,12,TRUE,29531,11119,10740,14,"Orianna",3,0,1,1,6655,"MIDDLE"
"sGIXvsl6UBP_Xsn8GJuJONeVj6H5ScomqSMsNMC6dI-E6A3mRDu1aPZb83rzHw6-_ExYKI_8W2xDTA","EUN1_3452493117",1694442687543,14,7,17,TRUE,35653,27471,15788,18,"Orianna",11,0,1,0,6655,"MIDDLE"
"sGIXvsl6UBP_Xsn8GJuJONeVj6H5ScomqSMsNMC6dI-E6A3mRDu1aPZb83rzHw6-_ExYKI_8W2xDTA","EUN1_3452354629",1694422149122,8,5,9,TRUE,24418,19561,12561,16,"Orianna",5,0,3,1,6655,"MIDDLE"
"sGIXvsl6UBP_Xsn8GJuJONeVj6H5ScomqSMsNMC6dI-E6A3mRDu1aPZb83rzHw6-_ExYKI_8W2xDTA","EUN1_3452209265",1694377567996,14,11,6,FALSE,39371,28079,18495,18,"Diana",11,0,2,1,3152,"MIDDLE"
"sGIXvsl6UBP_Xsn8GJuJONeVj6H5ScomqSMsNMC6dI-E6A3mRDu1aPZb83rzHw6-_ExYKI_8W2xDTA","EUN1_3452162795",1694374761436,12,5,10,TRUE,36626,26844,16467,18,"Orianna",16,0,2,1,6655,"MIDDLE"
"sGIXvsl6UBP_Xsn8GJuJONeVj6H5ScomqSMsNMC6dI-E6A3mRDu1aPZb83rzHw6-_ExYKI_8W2xDTA","EUN1_3451749186",1694337957088,7,3,11,TRUE,18882,13228,12298,16,"Orianna",6,0,2,1,6655,"MIDDLE"
"sGIXvsl6UBP_Xsn8GJuJONeVj6H5ScomqSMsNMC6dI-E6A3mRDu1aPZb83rzHw6-_ExYKI_8W2xDTA","EUN1_3451181538",1694258390011,4,8,19,FALSE,35615,29650,14850,18,"Orianna",19,0,1,3,6655,"MIDDLE"
"sGIXvsl6UBP_Xsn8GJuJONeVj6H5ScomqSMsNMC6dI-E6A3mRDu1aPZb83rzHw6-_ExYKI_8W2xDTA","EUN1_3451151023",1694255207455,4,3,19,TRUE,15992,17868,11852,16,"Orianna",14,0,3,0,6655,"MIDDLE"
"sGIXvsl6UBP_Xsn8GJuJONeVj6H5ScomqSMsNMC6dI-E6A3mRDu1aPZb83rzHw6-_ExYKI_8W2xDTA","EUN1_3450702710",1694186323056,11,7,18,TRUE,39953,29028,14978,18,"Orianna",17,0,3,1,NA,"MIDDLE"
"sGIXvsl6UBP_Xsn8GJuJONeVj6H5ScomqSMsNMC6dI-E6A3mRDu1aPZb83rzHw6-_ExYKI_8W2xDTA","EUN1_3450667988",1694183136756,12,7,18,TRUE,39427,28736,17309,18,"Orianna",20,0,3,0,6655,"MIDDLE"
"sGIXvsl6UBP_Xsn8GJuJONeVj6H5ScomqSMsNMC6dI-E6A3mRDu1aPZb83rzHw6-_ExYKI_8W2xDTA","EUN1_3450553982",1694168196441,3,6,5,FALSE,13122,15093,7594,13,"Orianna",10,0,0,0,6655,"MIDDLE"
"sGIXvsl6UBP_Xsn8GJuJONeVj6H5ScomqSMsNMC6dI-E6A3mRDu1aPZb83rzHw6-_ExYKI_8W2xDTA","EUN1_3450520868",1694160217769,9,11,14,TRUE,23978,29449,12896,16,"Orianna",17,0,3,0,6655,"MIDDLE"
"sGIXvsl6UBP_Xsn8GJuJONeVj6H5ScomqSMsNMC6dI-E6A3mRDu1aPZb83rzHw6-_ExYKI_8W2xDTA","EUN1_3450405271",1694121258825,8,11,30,TRUE,37701,44448,19162,18,"Orianna",15,0,3,1,6655,"MIDDLE"
"sGIXvsl6UBP_Xsn8GJuJONeVj6H5ScomqSMsNMC6dI-E6A3mRDu1aPZb83rzHw6-_ExYKI_8W2xDTA","EUN1_3450116257",1694097911823,3,9,15,FALSE,23772,20627,9786,15,"Zyra",22,0,0,0,6653,"UTILITY"
"sGIXvsl6UBP_Xsn8GJuJONeVj6H5ScomqSMsNMC6dI-E6A3mRDu1aPZb83rzHw6-_ExYKI_8W2xDTA","EUN1_3450075506",1694093981912,8,5,21,TRUE,34506,19552,14558,18,"Orianna",11,1,3,1,6655,"MIDDLE"
"sGIXvsl6UBP_Xsn8GJuJONeVj6H5ScomqSMsNMC6dI-E6A3mRDu1aPZb83rzHw6-_ExYKI_8W2xDTA","EUN1_3449833949",1694037563663,7,7,5,FALSE,21344,21407,12598,16,"Orianna",6,0,2,0,6655,"MIDDLE"
"sGIXvsl6UBP_Xsn8GJuJONeVj6H5ScomqSMsNMC6dI-E6A3mRDu1aPZb83rzHw6-_ExYKI_8W2xDTA","EUN1_3449665688",1694026795672,6,3,9,TRUE,18679,13476,10459,14,"Orianna",4,0,3,0,6655,"MIDDLE"
"sGIXvsl6UBP_Xsn8GJuJONeVj6H5ScomqSMsNMC6dI-E6A3mRDu1aPZb83rzHw6-_ExYKI_8W2xDTA","EUN1_3449617333",1694023089050,15,11,18,TRUE,52870,33576,17366,18,"Diana",14,0,3,1,3152,"MIDDLE"
"sGIXvsl6UBP_Xsn8GJuJONeVj6H5ScomqSMsNMC6dI-E6A3mRDu1aPZb83rzHw6-_ExYKI_8W2xDTA","EUN1_3449157298",1693942173701,11,9,14,TRUE,41685,26315,15216,16,"Diana",14,0,2,0,3152,"MIDDLE"
"sGIXvsl6UBP_Xsn8GJuJONeVj6H5ScomqSMsNMC6dI-E6A3mRDu1aPZb83rzHw6-_ExYKI_8W2xDTA","EUN1_3449131276",1693940461512,1,7,0,FALSE,5725,10555,4875,9,"Diana",1,0,0,0,NA,"MIDDLE"
"sGIXvsl6UBP_Xsn8GJuJONeVj6H5ScomqSMsNMC6dI-E6A3mRDu1aPZb83rzHw6-_ExYKI_8W2xDTA","EUN1_3448959356",1693925670923,3,6,8,FALSE,20033,31636,10579,15,"Tryndamere",9,0,1,0,6671,"TOP"
"sGIXvsl6UBP_Xsn8GJuJONeVj6H5ScomqSMsNMC6dI-E6A3mRDu1aPZb83rzHw6-_ExYKI_8W2xDTA","EUN1_3440890272",1692814619232,8,9,4,TRUE,26668,47662,16966,18,"Gangplank",17,0,2,0,3078,"TOP"
"sGIXvsl6UBP_Xsn8GJuJONeVj6H5ScomqSMsNMC6dI-E6A3mRDu1aPZb83rzHw6-_ExYKI_8W2xDTA","EUN1_3440883231",1692813989038,0,0,0,TRUE,0,0,500,1,"Gangplank",0,0,0,0,NA,"TOP"
"sGIXvsl6UBP_Xsn8GJuJONeVj6H5ScomqSMsNMC6dI-E6A3mRDu1aPZb83rzHw6-_ExYKI_8W2xDTA","EUN1_3440119732",1692716509448,3,9,3,FALSE,10082,22332,7362,11,"Tryndamere",2,0,1,0,NA,"TOP"
"sGIXvsl6UBP_Xsn8GJuJONeVj6H5ScomqSMsNMC6dI-E6A3mRDu1aPZb83rzHw6-_ExYKI_8W2xDTA","EUN1_3438588320",1692527131995,14,12,9,FALSE,41497,32618,17173,17,"Diana",23,0,4,0,6655,"MIDDLE"
"sGIXvsl6UBP_Xsn8GJuJONeVj6H5ScomqSMsNMC6dI-E6A3mRDu1aPZb83rzHw6-_ExYKI_8W2xDTA","EUN1_3438158195",1692463604396,7,7,5,TRUE,18242,23302,11129,15,"Tryndamere",8,0,3,0,NA,"TOP"
"sGIXvsl6UBP_Xsn8GJuJONeVj6H5ScomqSMsNMC6dI-E6A3mRDu1aPZb83rzHw6-_ExYKI_8W2xDTA","EUN1_3437998271",1692448508710,12,10,6,FALSE,27061,25105,12666,15,"Diana",8,0,0,0,NA,"MIDDLE"
"sGIXvsl6UBP_Xsn8GJuJONeVj6H5ScomqSMsNMC6dI-E6A3mRDu1aPZb83rzHw6-_ExYKI_8W2xDTA","EUN1_3436234231",1692210969332,8,10,2,FALSE,21107,23608,11885,14,"Diana",5,0,1,0,3152,"MIDDLE"
"sGIXvsl6UBP_Xsn8GJuJONeVj6H5ScomqSMsNMC6dI-E6A3mRDu1aPZb83rzHw6-_ExYKI_8W2xDTA","EUN1_3432199333",1691694511196,4,6,6,FALSE,18641,22770,9664,14,"Diana",9,0,0,0,3152,"MIDDLE"
"sGIXvsl6UBP_Xsn8GJuJONeVj6H5ScomqSMsNMC6dI-E6A3mRDu1aPZb83rzHw6-_ExYKI_8W2xDTA","EUN1_3429415525",1691350803566,3,4,5,FALSE,23225,19331,9996,15,"Orianna",10,0,0,0,6655,"MIDDLE"
"sGIXvsl6UBP_Xsn8GJuJONeVj6H5ScomqSMsNMC6dI-E6A3mRDu1aPZb83rzHw6-_ExYKI_8W2xDTA","EUN1_3428752671",1691275977066,6,5,10,TRUE,11846,16663,13288,17,"Orianna",14,1,4,1,6655,"BOTTOM"
"sGIXvsl6UBP_Xsn8GJuJONeVj6H5ScomqSMsNMC6dI-E6A3mRDu1aPZb83rzHw6-_ExYKI_8W2xDTA","EUN1_3428426550",1691251165324,6,10,4,FALSE,23830,27194,14439,16,"Diana",13,0,2,0,NA,"MIDDLE"
"sGIXvsl6UBP_Xsn8GJuJONeVj6H5ScomqSMsNMC6dI-E6A3mRDu1aPZb83rzHw6-_ExYKI_8W2xDTA","EUN1_3428281676",1691239565666,0,6,0,FALSE,3506,8325,3075,8,"Swain",0,0,0,0,NA,"TOP"
"sGIXvsl6UBP_Xsn8GJuJONeVj6H5ScomqSMsNMC6dI-E6A3mRDu1aPZb83rzHw6-_ExYKI_8W2xDTA","EUN1_3428244225",1691235994818,6,5,15,TRUE,24733,15344,11856,16,"Orianna",8,0,1,1,6655,"MIDDLE"
"sGIXvsl6UBP_Xsn8GJuJONeVj6H5ScomqSMsNMC6dI-E6A3mRDu1aPZb83rzHw6-_ExYKI_8W2xDTA","EUN1_3426985348",1691081221557,8,11,14,FALSE,46236,49146,16776,18,"Diana",25,0,1,0,3152,"MIDDLE"
"sGIXvsl6UBP_Xsn8GJuJONeVj6H5ScomqSMsNMC6dI-E6A3mRDu1aPZb83rzHw6-_ExYKI_8W2xDTA","EUN1_3426168270",1690988772788,19,11,9,FALSE,52004,32839,17666,18,"Diana",25,0,0,2,3152,"MIDDLE"
"sGIXvsl6UBP_Xsn8GJuJONeVj6H5ScomqSMsNMC6dI-E6A3mRDu1aPZb83rzHw6-_ExYKI_8W2xDTA","EUN1_3426136245",1690986275697,4,9,14,FALSE,28296,20502,9255,13,"Karthus",28,0,0,0,6653,"UTILITY"
"sGIXvsl6UBP_Xsn8GJuJONeVj6H5ScomqSMsNMC6dI-E6A3mRDu1aPZb83rzHw6-_ExYKI_8W2xDTA","EUN1_3425661648",1690919469559,6,7,2,FALSE,15986,17016,7879,12,"Diana",4,0,0,0,NA,"MIDDLE"
"sGIXvsl6UBP_Xsn8GJuJONeVj6H5ScomqSMsNMC6dI-E6A3mRDu1aPZb83rzHw6-_ExYKI_8W2xDTA","EUN1_3425566500",1690913796805,15,7,8,TRUE,42977,25562,18037,17,"Diana",16,0,3,3,NA,"MIDDLE"
"sGIXvsl6UBP_Xsn8GJuJONeVj6H5ScomqSMsNMC6dI-E6A3mRDu1aPZb83rzHw6-_ExYKI_8W2xDTA","EUN1_3423878342",1690732079811,0,5,0,FALSE,2263,10530,5171,10,"Lucian",4,0,0,0,NA,"BOTTOM"
"sGIXvsl6UBP_Xsn8GJuJONeVj6H5ScomqSMsNMC6dI-E6A3mRDu1aPZb83rzHw6-_ExYKI_8W2xDTA","EUN1_3423734372",1690722016247,5,10,6,FALSE,26309,25308,11815,16,"Diana",11,0,1,0,3152,"MIDDLE"
"sGIXvsl6UBP_Xsn8GJuJONeVj6H5ScomqSMsNMC6dI-E6A3mRDu1aPZb83rzHw6-_ExYKI_8W2xDTA","EUN1_3423632790",1690714817674,4,5,1,FALSE,11972,24056,9602,13,"Tryndamere",8,0,2,0,NA,"TOP"
"sGIXvsl6UBP_Xsn8GJuJONeVj6H5ScomqSMsNMC6dI-E6A3mRDu1aPZb83rzHw6-_ExYKI_8W2xDTA","EUN1_3423123063",1690650594556,6,12,7,FALSE,39078,34582,12978,16,"Diana",27,0,1,0,NA,"MIDDLE"
"sGIXvsl6UBP_Xsn8GJuJONeVj6H5ScomqSMsNMC6dI-E6A3mRDu1aPZb83rzHw6-_ExYKI_8W2xDTA","EUN1_3423101486",1690648114968,6,4,6,TRUE,17723,14267,10876,14,"Diana",17,0,2,1,NA,"MIDDLE"
"sGIXvsl6UBP_Xsn8GJuJONeVj6H5ScomqSMsNMC6dI-E6A3mRDu1aPZb83rzHw6-_ExYKI_8W2xDTA","EUN1_3420633285",1690385674859,1,8,0,FALSE,5795,15730,5559,11,"Diana",9,0,0,0,NA,"MIDDLE"
"sGIXvsl6UBP_Xsn8GJuJONeVj6H5ScomqSMsNMC6dI-E6A3mRDu1aPZb83rzHw6-_ExYKI_8W2xDTA","EUN1_3419939731",1690311217348,2,2,9,TRUE,14308,12716,11223,16,"Orianna",39,0,4,1,6655,"MIDDLE"
"sGIXvsl6UBP_Xsn8GJuJONeVj6H5ScomqSMsNMC6dI-E6A3mRDu1aPZb83rzHw6-_ExYKI_8W2xDTA","EUN1_3406023108",1688722383097,3,12,6,FALSE,20303,36737,9511,14,"Yorick",7,0,1,0,6632,"TOP"
"n_Qfzo6Yhpupwck98rbPTHI23QyxqF17iUwCkgz_6WApNw39aFp5bhbq93pFvLICoBGCviFqQvEQag","EUN1_3514367874",1703245514430,5,4,5,TRUE,14848,14176,10060,15,"Qiyana",12,0,0,0,6691,"MIDDLE"
"n_Qfzo6Yhpupwck98rbPTHI23QyxqF17iUwCkgz_6WApNw39aFp5bhbq93pFvLICoBGCviFqQvEQag","EUN1_3514358013",1703244309574,1,7,0,FALSE,4232,14740,4183,9,"Swain",4,0,0,0,NA,"MIDDLE"
"n_Qfzo6Yhpupwck98rbPTHI23QyxqF17iUwCkgz_6WApNw39aFp5bhbq93pFvLICoBGCviFqQvEQag","EUN1_3514344042",1703242072837,1,6,12,TRUE,21531,16714,8787,14,"Orianna",16,0,0,0,6653,"MIDDLE"
"n_Qfzo6Yhpupwck98rbPTHI23QyxqF17iUwCkgz_6WApNw39aFp5bhbq93pFvLICoBGCviFqQvEQag","EUN1_3514336735",1703239764766,0,4,13,TRUE,4809,13972,8247,14,"Soraka",55,0,2,0,6617,"UTILITY"
"n_Qfzo6Yhpupwck98rbPTHI23QyxqF17iUwCkgz_6WApNw39aFp5bhbq93pFvLICoBGCviFqQvEQag","EUN1_3512645360",1702996903100,7,1,5,TRUE,16418,13144,10364,15,"Qiyana",9,0,3,1,6691,"MIDDLE"
"n_Qfzo6Yhpupwck98rbPTHI23QyxqF17iUwCkgz_6WApNw39aFp5bhbq93pFvLICoBGCviFqQvEQag","EUN1_3512630539",1702995293523,2,5,2,FALSE,10133,12967,6753,11,"Fizz",8,0,0,0,6655,"MIDDLE"
"n_Qfzo6Yhpupwck98rbPTHI23QyxqF17iUwCkgz_6WApNw39aFp5bhbq93pFvLICoBGCviFqQvEQag","EUN1_3510145640",1702662973574,18,3,8,TRUE,39034,28347,18423,18,"Fizz",28,1,0,0,6655,"MIDDLE"
"n_Qfzo6Yhpupwck98rbPTHI23QyxqF17iUwCkgz_6WApNw39aFp5bhbq93pFvLICoBGCviFqQvEQag","EUN1_3509960621",1702644473442,3,1,6,TRUE,12192,9401,8340,13,"Orianna",10,0,1,0,6655,"MIDDLE"
"n_Qfzo6Yhpupwck98rbPTHI23QyxqF17iUwCkgz_6WApNw39aFp5bhbq93pFvLICoBGCviFqQvEQag","EUN1_3509945570",1702642041390,20,9,7,TRUE,39719,26077,16581,16,"Qiyana",15,0,1,0,6691,"MIDDLE"
"n_Qfzo6Yhpupwck98rbPTHI23QyxqF17iUwCkgz_6WApNw39aFp5bhbq93pFvLICoBGCviFqQvEQag","EUN1_3508979185",1702495761080,7,8,6,FALSE,21463,32400,13410,15,"Qiyana",31,0,1,0,6691,"MIDDLE"
"n_Qfzo6Yhpupwck98rbPTHI23QyxqF17iUwCkgz_6WApNw39aFp5bhbq93pFvLICoBGCviFqQvEQag","EUN1_3508943526",1702493764202,8,3,7,TRUE,12463,12629,10968,15,"Fizz",15,1,5,0,6653,"MIDDLE"
"n_Qfzo6Yhpupwck98rbPTHI23QyxqF17iUwCkgz_6WApNw39aFp5bhbq93pFvLICoBGCviFqQvEQag","EUN1_3508873977",1702489272888,9,3,10,TRUE,20642,21807,14175,17,"Fizz",20,0,1,1,6655,"MIDDLE"
"n_Qfzo6Yhpupwck98rbPTHI23QyxqF17iUwCkgz_6WApNw39aFp5bhbq93pFvLICoBGCviFqQvEQag","EUN1_3508182109",1702395443487,7,6,8,TRUE,27408,21193,12790,15,"Orianna",11,0,0,1,6653,"MIDDLE"
"n_Qfzo6Yhpupwck98rbPTHI23QyxqF17iUwCkgz_6WApNw39aFp5bhbq93pFvLICoBGCviFqQvEQag","EUN1_3508159347",1702393255472,10,6,5,FALSE,21637,21998,12588,15,"Fizz",15,0,0,0,6655,"MIDDLE"
"n_Qfzo6Yhpupwck98rbPTHI23QyxqF17iUwCkgz_6WApNw39aFp5bhbq93pFvLICoBGCviFqQvEQag","EUN1_3507805377",1702326704594,11,11,5,FALSE,24134,33400,14954,15,"Talon",26,0,1,0,3142,"MIDDLE"
"n_Qfzo6Yhpupwck98rbPTHI23QyxqF17iUwCkgz_6WApNw39aFp5bhbq93pFvLICoBGCviFqQvEQag","EUN1_3507422659",1702291425162,4,14,4,FALSE,19616,37506,9221,13,"Akali",13,0,0,0,3152,"MIDDLE"
"n_Qfzo6Yhpupwck98rbPTHI23QyxqF17iUwCkgz_6WApNw39aFp5bhbq93pFvLICoBGCviFqQvEQag","EUN1_3506441355",1702160531265,13,7,11,TRUE,29122,33286,15220,16,"Fizz",16,0,1,0,6655,"MIDDLE"
"n_Qfzo6Yhpupwck98rbPTHI23QyxqF17iUwCkgz_6WApNw39aFp5bhbq93pFvLICoBGCviFqQvEQag","EUN1_3506388359",1702156993704,15,7,9,TRUE,33990,32873,14977,16,"Akali",12,0,1,1,NA,"MIDDLE"
"n_Qfzo6Yhpupwck98rbPTHI23QyxqF17iUwCkgz_6WApNw39aFp5bhbq93pFvLICoBGCviFqQvEQag","EUN1_3506069891",1702136324512,6,0,6,TRUE,12476,8582,9225,14,"Fizz",18,0,1,0,6655,"MIDDLE"
"n_Qfzo6Yhpupwck98rbPTHI23QyxqF17iUwCkgz_6WApNw39aFp5bhbq93pFvLICoBGCviFqQvEQag","EUN1_3505207392",1702037889831,4,2,3,TRUE,13310,13270,9612,14,"Akali",12,0,0,1,3152,"MIDDLE"
"n_Qfzo6Yhpupwck98rbPTHI23QyxqF17iUwCkgz_6WApNw39aFp5bhbq93pFvLICoBGCviFqQvEQag","EUN1_3505187343",1702035361783,12,10,6,TRUE,31346,27478,14670,18,"Fizz",20,0,1,0,6655,"MIDDLE"
"n_Qfzo6Yhpupwck98rbPTHI23QyxqF17iUwCkgz_6WApNw39aFp5bhbq93pFvLICoBGCviFqQvEQag","EUN1_3505166934",1702032870813,8,12,4,TRUE,29436,34117,14058,17,"Qiyana",16,0,2,0,6691,"MIDDLE"
"n_Qfzo6Yhpupwck98rbPTHI23QyxqF17iUwCkgz_6WApNw39aFp5bhbq93pFvLICoBGCviFqQvEQag","EUN1_3505159854",1702032209721,0,0,0,TRUE,60,760,773,2,"Qiyana",0,0,0,0,NA,"MIDDLE"
"n_Qfzo6Yhpupwck98rbPTHI23QyxqF17iUwCkgz_6WApNw39aFp5bhbq93pFvLICoBGCviFqQvEQag","EUN1_3505008078",1701988070133,6,7,4,TRUE,20808,22680,11774,15,"Talon",14,0,2,1,3142,"MIDDLE"
"n_Qfzo6Yhpupwck98rbPTHI23QyxqF17iUwCkgz_6WApNw39aFp5bhbq93pFvLICoBGCviFqQvEQag","EUN1_3503574207",1701793977546,7,2,10,TRUE,14665,9899,10391,15,"Orianna",13,0,0,0,6655,"MIDDLE"
"n_Qfzo6Yhpupwck98rbPTHI23QyxqF17iUwCkgz_6WApNw39aFp5bhbq93pFvLICoBGCviFqQvEQag","EUN1_3503550611",1701791788856,2,3,28,TRUE,12080,15706,9371,14,"Janna",62,0,0,0,2065,"UTILITY"
"n_Qfzo6Yhpupwck98rbPTHI23QyxqF17iUwCkgz_6WApNw39aFp5bhbq93pFvLICoBGCviFqQvEQag","EUN1_3503542804",1701791143811,0,0,0,FALSE,165,225,500,1,"Akali",0,0,0,0,NA,"MIDDLE"
"n_Qfzo6Yhpupwck98rbPTHI23QyxqF17iUwCkgz_6WApNw39aFp5bhbq93pFvLICoBGCviFqQvEQag","EUN1_3503519030",1701788428857,9,11,6,FALSE,34202,40761,12946,16,"Akali",29,0,0,0,3152,"MIDDLE"
"n_Qfzo6Yhpupwck98rbPTHI23QyxqF17iUwCkgz_6WApNw39aFp5bhbq93pFvLICoBGCviFqQvEQag","EUN1_3503512849",1701787220569,4,0,5,TRUE,8086,6763,6492,11,"Fizz",7,0,0,0,6655,"MIDDLE"
"n_Qfzo6Yhpupwck98rbPTHI23QyxqF17iUwCkgz_6WApNw39aFp5bhbq93pFvLICoBGCviFqQvEQag","EUN1_3502802777",1701640293915,2,3,4,TRUE,13243,11239,8373,13,"Orianna",18,0,0,0,6655,"MIDDLE"
"n_Qfzo6Yhpupwck98rbPTHI23QyxqF17iUwCkgz_6WApNw39aFp5bhbq93pFvLICoBGCviFqQvEQag","EUN1_3502781405",1701637922287,7,5,5,FALSE,24441,17801,13277,16,"TwistedFate",18,0,0,0,6656,"MIDDLE"
"n_Qfzo6Yhpupwck98rbPTHI23QyxqF17iUwCkgz_6WApNw39aFp5bhbq93pFvLICoBGCviFqQvEQag","EUN1_3500507262",1701292344901,7,4,6,FALSE,19172,18070,12562,15,"Orianna",10,0,0,0,6653,"MIDDLE"
"n_Qfzo6Yhpupwck98rbPTHI23QyxqF17iUwCkgz_6WApNw39aFp5bhbq93pFvLICoBGCviFqQvEQag","EUN1_3500478490",1701290334984,7,4,10,TRUE,29168,17224,11273,15,"Orianna",13,0,1,0,6655,"MIDDLE"
"n_Qfzo6Yhpupwck98rbPTHI23QyxqF17iUwCkgz_6WApNw39aFp5bhbq93pFvLICoBGCviFqQvEQag","EUN1_3500452451",1701288204893,5,2,4,TRUE,13763,18920,9243,14,"Akali",13,0,1,0,3152,"MIDDLE"
"n_Qfzo6Yhpupwck98rbPTHI23QyxqF17iUwCkgz_6WApNw39aFp5bhbq93pFvLICoBGCviFqQvEQag","EUN1_3499160654",1701091941240,15,2,7,TRUE,32509,32910,14788,17,"Akali",12,0,1,0,3152,"MIDDLE"
"n_Qfzo6Yhpupwck98rbPTHI23QyxqF17iUwCkgz_6WApNw39aFp5bhbq93pFvLICoBGCviFqQvEQag","EUN1_3499111544",1701084941568,4,4,10,TRUE,11480,19251,7153,11,"Zac",26,0,0,0,NA,"UTILITY"
"n_Qfzo6Yhpupwck98rbPTHI23QyxqF17iUwCkgz_6WApNw39aFp5bhbq93pFvLICoBGCviFqQvEQag","EUN1_3499101271",1701082248682,9,10,11,TRUE,30246,35285,14511,17,"Talon",17,0,3,1,3142,"MIDDLE"
"n_Qfzo6Yhpupwck98rbPTHI23QyxqF17iUwCkgz_6WApNw39aFp5bhbq93pFvLICoBGCviFqQvEQag","EUN1_3497219171",1700828195763,1,10,14,FALSE,13657,33128,9575,15,"Sona",73,0,0,0,6620,"UTILITY"
"n_Qfzo6Yhpupwck98rbPTHI23QyxqF17iUwCkgz_6WApNw39aFp5bhbq93pFvLICoBGCviFqQvEQag","EUN1_3497190056",1700825312444,7,3,7,TRUE,24698,17180,15536,18,"TwistedFate",16,0,3,1,6656,"MIDDLE"
"n_Qfzo6Yhpupwck98rbPTHI23QyxqF17iUwCkgz_6WApNw39aFp5bhbq93pFvLICoBGCviFqQvEQag","EUN1_3497187599",1700823311721,6,6,11,FALSE,20380,15712,10732,14,"Orianna",15,0,0,0,6655,"MIDDLE"
"n_Qfzo6Yhpupwck98rbPTHI23QyxqF17iUwCkgz_6WApNw39aFp5bhbq93pFvLICoBGCviFqQvEQag","EUN1_3496372661",1700684228714,4,0,2,TRUE,8994,9561,6111,11,"Akali",6,0,0,0,NA,"MIDDLE"
"n_Qfzo6Yhpupwck98rbPTHI23QyxqF17iUwCkgz_6WApNw39aFp5bhbq93pFvLICoBGCviFqQvEQag","EUN1_3496331881",1700681799914,3,5,14,FALSE,11611,22544,8451,12,"Blitzcrank",53,0,0,0,3190,"UTILITY"
"n_Qfzo6Yhpupwck98rbPTHI23QyxqF17iUwCkgz_6WApNw39aFp5bhbq93pFvLICoBGCviFqQvEQag","EUN1_3496230557",1700674634515,1,6,24,TRUE,6170,27004,9255,14,"Rell",51,0,0,0,3190,"UTILITY"
"n_Qfzo6Yhpupwck98rbPTHI23QyxqF17iUwCkgz_6WApNw39aFp5bhbq93pFvLICoBGCviFqQvEQag","EUN1_3496196709",1700672208806,5,0,8,TRUE,18881,12054,11858,16,"Orianna",22,1,2,0,6655,"MIDDLE"
"n_Qfzo6Yhpupwck98rbPTHI23QyxqF17iUwCkgz_6WApNw39aFp5bhbq93pFvLICoBGCviFqQvEQag","EUN1_3495820156",1700600659230,5,4,17,TRUE,17526,14835,13160,16,"TwistedFate",14,0,1,0,6656,"MIDDLE"
"n_Qfzo6Yhpupwck98rbPTHI23QyxqF17iUwCkgz_6WApNw39aFp5bhbq93pFvLICoBGCviFqQvEQag","EUN1_3482238932",1698595752098,5,10,18,TRUE,34935,29389,14446,18,"Orianna",17,0,0,0,6655,"MIDDLE"
"n_Qfzo6Yhpupwck98rbPTHI23QyxqF17iUwCkgz_6WApNw39aFp5bhbq93pFvLICoBGCviFqQvEQag","EUN1_3482211512",1698593169107,6,4,2,FALSE,17791,23944,9478,14,"Akali",11,0,0,0,3152,"MIDDLE"
"n_Qfzo6Yhpupwck98rbPTHI23QyxqF17iUwCkgz_6WApNw39aFp5bhbq93pFvLICoBGCviFqQvEQag","EUN1_3482098756",1698584082111,4,1,17,TRUE,21070,15986,10986,16,"Brand",47,0,1,0,6653,"UTILITY"
"n_Qfzo6Yhpupwck98rbPTHI23QyxqF17iUwCkgz_6WApNw39aFp5bhbq93pFvLICoBGCviFqQvEQag","EUN1_3481756873",1698525311314,7,5,9,TRUE,21533,14139,9328,13,"Orianna",9,0,0,1,6655,"MIDDLE"
"n_Qfzo6Yhpupwck98rbPTHI23QyxqF17iUwCkgz_6WApNw39aFp5bhbq93pFvLICoBGCviFqQvEQag","EUN1_3481728541",1698522905444,2,11,19,FALSE,12957,33713,9354,14,"Blitzcrank",64,0,0,0,3001,"UTILITY"
"n_Qfzo6Yhpupwck98rbPTHI23QyxqF17iUwCkgz_6WApNw39aFp5bhbq93pFvLICoBGCviFqQvEQag","EUN1_3481432615",1698498679786,8,8,15,TRUE,28069,28695,16386,18,"Orianna",25,0,1,1,6653,"MIDDLE"
"n_Qfzo6Yhpupwck98rbPTHI23QyxqF17iUwCkgz_6WApNw39aFp5bhbq93pFvLICoBGCviFqQvEQag","EUN1_3481418116",1698496745017,2,3,6,FALSE,16365,16229,10202,15,"Orianna",7,0,1,0,6655,"MIDDLE"
"n_Qfzo6Yhpupwck98rbPTHI23QyxqF17iUwCkgz_6WApNw39aFp5bhbq93pFvLICoBGCviFqQvEQag","EUN1_3481062711",1698437672690,1,5,11,FALSE,18648,20917,10818,16,"Orianna",17,0,0,0,6655,"MIDDLE"
"n_Qfzo6Yhpupwck98rbPTHI23QyxqF17iUwCkgz_6WApNw39aFp5bhbq93pFvLICoBGCviFqQvEQag","EUN1_3481019518",1698434836095,11,8,13,FALSE,29077,24227,16024,18,"Orianna",17,0,0,0,6655,"MIDDLE"
"n_Qfzo6Yhpupwck98rbPTHI23QyxqF17iUwCkgz_6WApNw39aFp5bhbq93pFvLICoBGCviFqQvEQag","EUN1_3458620972",1695298322913,6,2,13,TRUE,32397,22032,14686,17,"Gragas",19,0,3,0,6656,"TOP"
"n_Qfzo6Yhpupwck98rbPTHI23QyxqF17iUwCkgz_6WApNw39aFp5bhbq93pFvLICoBGCviFqQvEQag","EUN1_3458550310",1695284362958,2,2,12,TRUE,6530,14731,7462,13,"Blitzcrank",27,0,1,1,6656,"UTILITY"
"n_Qfzo6Yhpupwck98rbPTHI23QyxqF17iUwCkgz_6WApNw39aFp5bhbq93pFvLICoBGCviFqQvEQag","EUN1_3457969606",1695198876416,7,7,10,TRUE,24798,44356,11855,16,"Ornn",10,0,3,0,NA,"TOP"
"n_Qfzo6Yhpupwck98rbPTHI23QyxqF17iUwCkgz_6WApNw39aFp5bhbq93pFvLICoBGCviFqQvEQag","EUN1_3457968080",1695196860979,7,3,14,TRUE,19259,30441,12093,15,"Nocturne",11,0,0,0,6631,"JUNGLE"
"n_Qfzo6Yhpupwck98rbPTHI23QyxqF17iUwCkgz_6WApNw39aFp5bhbq93pFvLICoBGCviFqQvEQag","EUN1_3457953588",1695194757831,2,6,1,TRUE,8544,17680,9033,14,"Gragas",9,0,0,0,6656,"TOP"
"n_Qfzo6Yhpupwck98rbPTHI23QyxqF17iUwCkgz_6WApNw39aFp5bhbq93pFvLICoBGCviFqQvEQag","EUN1_3457660134",1695145046155,1,3,7,TRUE,11954,24316,11525,16,"Gragas",13,0,2,0,6656,"TOP"
"n_Qfzo6Yhpupwck98rbPTHI23QyxqF17iUwCkgz_6WApNw39aFp5bhbq93pFvLICoBGCviFqQvEQag","EUN1_3457474292",1695129152030,5,3,4,TRUE,15739,20597,11553,16,"Gragas",18,0,0,0,6656,"TOP"
"n_Qfzo6Yhpupwck98rbPTHI23QyxqF17iUwCkgz_6WApNw39aFp5bhbq93pFvLICoBGCviFqQvEQag","EUN1_3457445743",1695126644616,4,4,7,TRUE,18830,29769,13246,18,"Gragas",20,0,0,0,6656,"TOP"
"n_Qfzo6Yhpupwck98rbPTHI23QyxqF17iUwCkgz_6WApNw39aFp5bhbq93pFvLICoBGCviFqQvEQag","EUN1_3457089857",1695062705486,6,1,4,TRUE,13687,18695,12123,15,"Garen",12,0,4,0,6631,"TOP"
"n_Qfzo6Yhpupwck98rbPTHI23QyxqF17iUwCkgz_6WApNw39aFp5bhbq93pFvLICoBGCviFqQvEQag","EUN1_3457056101",1695059892001,9,5,16,FALSE,34111,42829,14772,18,"Gragas",26,0,2,0,6656,"TOP"
"n_Qfzo6Yhpupwck98rbPTHI23QyxqF17iUwCkgz_6WApNw39aFp5bhbq93pFvLICoBGCviFqQvEQag","EUN1_3457013758",1695057607768,4,5,7,TRUE,14917,23936,10433,14,"Gragas",13,0,3,0,6656,"TOP"
"n_Qfzo6Yhpupwck98rbPTHI23QyxqF17iUwCkgz_6WApNw39aFp5bhbq93pFvLICoBGCviFqQvEQag","EUN1_3456886896",1695046932740,4,1,4,TRUE,10964,12754,7679,13,"Gragas",10,0,0,0,6656,"TOP"
"n_Qfzo6Yhpupwck98rbPTHI23QyxqF17iUwCkgz_6WApNw39aFp5bhbq93pFvLICoBGCviFqQvEQag","EUN1_3456868681",1695044843850,4,7,4,FALSE,17148,22444,9803,14,"Gragas",13,0,0,0,6656,"TOP"
"n_Qfzo6Yhpupwck98rbPTHI23QyxqF17iUwCkgz_6WApNw39aFp5bhbq93pFvLICoBGCviFqQvEQag","EUN1_3456615485",1694985208031,5,2,7,TRUE,9231,13224,8531,13,"Gragas",7,0,1,0,6656,"TOP"
"n_Qfzo6Yhpupwck98rbPTHI23QyxqF17iUwCkgz_6WApNw39aFp5bhbq93pFvLICoBGCviFqQvEQag","EUN1_3456578814",1694982510262,9,5,9,FALSE,32915,44146,14103,18,"Gragas",16,0,1,0,6656,"TOP"
"n_Qfzo6Yhpupwck98rbPTHI23QyxqF17iUwCkgz_6WApNw39aFp5bhbq93pFvLICoBGCviFqQvEQag","EUN1_3456556701",1694980929471,2,2,1,TRUE,6147,9534,5860,11,"Gragas",5,0,1,0,6656,"TOP"
"n_Qfzo6Yhpupwck98rbPTHI23QyxqF17iUwCkgz_6WApNw39aFp5bhbq93pFvLICoBGCviFqQvEQag","EUN1_3456522021",1694979067384,5,8,5,FALSE,10228,26223,8927,11,"LeeSin",11,0,0,0,6630,"JUNGLE"
"n_Qfzo6Yhpupwck98rbPTHI23QyxqF17iUwCkgz_6WApNw39aFp5bhbq93pFvLICoBGCviFqQvEQag","EUN1_3456134579",1694950901707,6,3,2,TRUE,31295,32859,15104,18,"Garen",20,1,5,1,6631,"TOP"
"n_Qfzo6Yhpupwck98rbPTHI23QyxqF17iUwCkgz_6WApNw39aFp5bhbq93pFvLICoBGCviFqQvEQag","EUN1_3456107757",1694948797055,8,5,9,FALSE,22588,25839,12057,16,"Gragas",12,0,0,0,6656,"TOP"
"n_Qfzo6Yhpupwck98rbPTHI23QyxqF17iUwCkgz_6WApNw39aFp5bhbq93pFvLICoBGCviFqQvEQag","EUN1_3455682324",1694885989846,8,5,12,FALSE,24353,32479,13745,17,"Gragas",17,0,1,0,6656,"TOP"
"n_Qfzo6Yhpupwck98rbPTHI23QyxqF17iUwCkgz_6WApNw39aFp5bhbq93pFvLICoBGCviFqQvEQag","EUN1_3445140141",1693391001417,6,1,13,TRUE,20395,15517,11416,15,"Galio",14,0,2,0,6656,"MIDDLE"
"n_Qfzo6Yhpupwck98rbPTHI23QyxqF17iUwCkgz_6WApNw39aFp5bhbq93pFvLICoBGCviFqQvEQag","EUN1_3444952372",1693340263043,4,5,5,FALSE,15290,19250,11112,16,"Ahri",21,0,0,0,6656,"MIDDLE"
"n_Qfzo6Yhpupwck98rbPTHI23QyxqF17iUwCkgz_6WApNw39aFp5bhbq93pFvLICoBGCviFqQvEQag","EUN1_3444920536",1693338127130,6,3,5,FALSE,17211,17198,12281,16,"Ahri",21,0,0,0,6656,"MIDDLE"
"n_Qfzo6Yhpupwck98rbPTHI23QyxqF17iUwCkgz_6WApNw39aFp5bhbq93pFvLICoBGCviFqQvEQag","EUN1_3444799937",1693330121608,16,5,13,TRUE,31750,19898,15377,16,"Ahri",18,1,2,0,6656,"MIDDLE"
"n_Qfzo6Yhpupwck98rbPTHI23QyxqF17iUwCkgz_6WApNw39aFp5bhbq93pFvLICoBGCviFqQvEQag","EUN1_3443544129",1693163209656,2,7,6,FALSE,7406,16914,6850,11,"Bard",34,0,0,0,3190,"UTILITY"
"n_Qfzo6Yhpupwck98rbPTHI23QyxqF17iUwCkgz_6WApNw39aFp5bhbq93pFvLICoBGCviFqQvEQag","EUN1_3443509974",1693161667460,3,4,0,FALSE,10476,8661,7750,10,"Ziggs",7,0,1,0,6653,"BOTTOM"
"n_Qfzo6Yhpupwck98rbPTHI23QyxqF17iUwCkgz_6WApNw39aFp5bhbq93pFvLICoBGCviFqQvEQag","EUN1_3443481903",1693159633198,4,4,4,FALSE,15718,27074,10745,15,"Garen",15,0,2,0,6631,"TOP"
"n_Qfzo6Yhpupwck98rbPTHI23QyxqF17iUwCkgz_6WApNw39aFp5bhbq93pFvLICoBGCviFqQvEQag","EUN1_3443403091",1693152404299,8,4,12,FALSE,34663,25780,16209,18,"Ahri",18,0,2,0,6656,"MIDDLE"
"n_Qfzo6Yhpupwck98rbPTHI23QyxqF17iUwCkgz_6WApNw39aFp5bhbq93pFvLICoBGCviFqQvEQag","EUN1_3443367090",1693149773014,4,7,22,FALSE,38568,26862,13311,17,"Orianna",18,0,1,0,6653,"MIDDLE"
"n_Qfzo6Yhpupwck98rbPTHI23QyxqF17iUwCkgz_6WApNw39aFp5bhbq93pFvLICoBGCviFqQvEQag","EUN1_3443121018",1693127971581,8,3,7,TRUE,19462,15265,10595,15,"Pantheon",10,0,2,1,6692,"MIDDLE"
"n_Qfzo6Yhpupwck98rbPTHI23QyxqF17iUwCkgz_6WApNw39aFp5bhbq93pFvLICoBGCviFqQvEQag","EUN1_3437791475",1692402534537,2,4,11,FALSE,13036,21461,11048,17,"Zilean",19,0,0,1,6656,"MIDDLE"
"n_Qfzo6Yhpupwck98rbPTHI23QyxqF17iUwCkgz_6WApNw39aFp5bhbq93pFvLICoBGCviFqQvEQag","EUN1_3437768714",1692400698378,2,8,5,FALSE,8556,23799,7344,11,"Nidalee",12,0,0,0,4636,"JUNGLE"
"n_Qfzo6Yhpupwck98rbPTHI23QyxqF17iUwCkgz_6WApNw39aFp5bhbq93pFvLICoBGCviFqQvEQag","EUN1_3437755554",1692398858712,1,8,4,FALSE,9145,17488,5937,11,"TwistedFate",14,0,0,0,6656,"MIDDLE"
"n_Qfzo6Yhpupwck98rbPTHI23QyxqF17iUwCkgz_6WApNw39aFp5bhbq93pFvLICoBGCviFqQvEQag","EUN1_3437064021",1692309515435,6,1,6,TRUE,17874,16225,10559,15,"Galio",11,0,2,0,6656,"MIDDLE"
"n_Qfzo6Yhpupwck98rbPTHI23QyxqF17iUwCkgz_6WApNw39aFp5bhbq93pFvLICoBGCviFqQvEQag","EUN1_3437030015",1692307001227,1,8,11,FALSE,4157,19808,8212,13,"Nami",56,0,0,0,NA,"UTILITY"
"n_Qfzo6Yhpupwck98rbPTHI23QyxqF17iUwCkgz_6WApNw39aFp5bhbq93pFvLICoBGCviFqQvEQag","EUN1_3434399380",1691967551944,7,3,7,TRUE,28911,18390,15534,18,"Viktor",16,0,2,1,6655,"MIDDLE"
